,City,Cloudiness,Country,Date,Humidity,Latitude,Longitude,Max Temp,Wind Speed
0,Barstow,1,US,1553399580,30,31.46,-103.39,288.15,4.1
1,Khatanga,0,RU,1553401398,34,71.98,102.47,249.887,2.71
2,Bluff,0,AU,1553401389,48,-23.58,149.07,305.737,3.71
3,Ushuaia,75,AR,1553400000,71,-54.81,-68.31,284.15,8.2
4,Nikolskoye,20,RU,1553400935,95,59.7,30.79,275.93,3.0
5,Linkoping,0,SE,1553401011,74,58.41,15.62,276.15,4.6
6,Dikson,68,RU,1553401384,95,73.51,80.55,265.337,10.51
7,Albany,1,US,1553401323,49,42.65,-73.75,274.15,3.91
8,Atuona,92,PF,1553401149,99,-9.8,-139.03,301.287,7.36
9,Busselton,12,AU,1553401217,25,-33.64,115.35,295.37,7.06
10,Rikitea,80,PF,1553401381,99,-23.12,-134.97,299.337,8.16
11,Zhigansk,64,RU,1553401476,65,66.77,123.37,262.437,4.31
12,East London,0,ZA,1553396400,83,-33.02,27.91,295.15,3.1
13,Hilo,20,US,1553401337,64,19.71,-155.08,297.15,2.6
14,Palmer,75,AU,1553401346,60,-34.85,139.16,299.26,10.3
15,Saint-Philippe,1,CA,1553401390,58,45.36,-73.48,272.59,7.7
16,Mount Gambier,75,AU,1553400000,44,-37.83,140.78,298.15,10.3
17,Okhotsk,68,RU,1553401514,72,59.36,143.24,271.187,2.46
18,Columbus,1,US,1553401086,81,32.46,-84.99,286.15,2.01
19,Mahebourg,75,MU,1553401140,83,-20.41,57.7,301.15,5.1
20,Port Elizabeth,1,US,1553401390,52,39.31,-74.98,280.37,3.6
21,Maldonado,0,UY,1553400000,82,-34.91,-54.96,289.15,2.1
22,Hermanus,20,ZA,1553400934,97,-34.42,19.24,288.71,1.21
23,Chuy,0,UY,1553401173,92,-33.69,-53.46,291.037,5.81
24,Pochutla,12,MX,1553401004,89,15.74,-96.47,296.48,4.01
25,Touros,40,BR,1553400000,100,-5.2,-35.46,298.15,3.6
26,Hithadhoo,76,MV,1553401399,98,-0.6,73.08,303.287,3.81
27,Mar del Plata,0,AR,1553401201,100,-46.43,-67.52,280.887,1.41
28,Cayenne,100,GF,1553400000,83,4.94,-52.33,299.15,2.6
29,Kapaa,90,US,1553401095,88,22.08,-159.32,297.15,9.3
30,Tuktoyaktuk,40,CA,1553400000,72,69.44,-133.03,264.15,8.7
31,Timmins,5,CA,1553400000,47,48.48,-81.33,275.15,3.6
32,Rome,0,IT,1553401241,57,41.89,12.48,287.04,1.5
33,Haines Junction,56,CA,1553401434,54,60.75,-137.51,274.837,2.26
34,Maun,0,BW,1553400000,64,-19.99,23.42,295.15,6.2
35,Yellowknife,75,CA,1553401380,55,62.45,-114.38,260.93,6.7
36,Kaeo,32,NZ,1553400485,77,-35.1,173.78,294.26,3.58
37,Sagua la Grande,75,CU,1553395800,73,22.81,-80.07,295.15,3.1
38,Valera,8,VE,1553401667,98,9.31,-70.61,296.637,1.26
39,Hasaki,20,JP,1553401093,23,35.73,140.83,288.15,9.3
40,Tasiilaq,0,GL,1553399400,40,65.61,-37.64,263.15,1.5
41,Abha,0,SA,1553396400,58,18.22,42.5,286.15,2.1
42,Pangai,20,TO,1553396400,61,-19.8,-174.35,301.15,3.1
43,Vaini,0,IN,1553400000,19,15.34,74.49,304.15,3.1
44,Birin,88,SY,1553401668,82,35.01,36.67,277.687,1.66
45,Sao Domingos do Maranhao,48,BR,1553401642,93,-5.58,-44.39,297.387,1.11
46,Qaanaaq,12,GL,1553401385,81,77.48,-69.36,240.437,4.81
47,Krumovgrad,0,BG,1553400013,59,41.47,25.65,280.37,0.45
48,Salalah,75,OM,1553395800,78,17.01,54.1,299.15,3.1
49,Airai,32,TL,1553401418,65,-8.93,125.41,301.837,0.81
50,Inhambane,20,MZ,1553400000,94,-23.87,35.38,294.15,4.61
51,Dolinsk,75,RU,1553398200,53,47.32,142.8,270.15,2.0
52,Cape Town,40,ZA,1553401091,93,-33.93,18.42,294.82,5.1
53,Acapulco,5,MX,1553395680,83,16.86,-99.88,300.15,2.1
54,Provideniya,44,RU,1553401460,100,64.42,-173.23,267.637,10.61
55,Tiznit,92,MA,1553401504,100,29.7,-9.73,288.537,2.71
56,Saskylakh,0,RU,1553401401,43,71.97,114.09,247.437,1.46
57,Cabadiangan,20,PH,1553396400,58,10.45,123.98,303.15,5.1
58,Broome,80,GB,1553401416,93,52.47,1.45,278.71,1.5
59,Kolno,48,PL,1553401671,83,53.41,21.93,275.287,5.91
60,Yokadouma,88,CM,1553401671,97,3.52,15.05,292.887,1.56
61,Vardo,1,US,1553401384,35,39.62,-77.74,280.15,4.6
62,Bethel,90,US,1553399760,80,60.79,-161.76,277.15,6.2
63,Port Lincoln,80,AU,1553401428,86,-34.72,135.86,293.587,10.01
64,Barra do Corda,80,BR,1553401672,97,-5.5,-45.25,295.937,0.91
65,Poum,0,MK,1553401672,80,41.28,20.71,270.937,0.76
66,Mataura,76,NZ,1553401207,82,-46.19,168.86,293.71,0.89
67,Itoman,75,JP,1553401394,52,26.12,127.67,295.15,5.7
68,Richards Bay,8,ZA,1553401672,95,-28.77,32.06,294.037,4.36
69,Karacakoy,0,TR,1553401658,91,41.4,28.38,280.93,3.1
70,Axim,8,GH,1553401450,98,4.87,-2.24,301.437,3.61
71,Faanui,32,PF,1553401429,100,-16.48,-151.75,302.487,4.76
72,Souillac,0,FR,1553401448,81,45.6,-0.6,280.37,1.5
73,Puerto Ayora,24,EC,1553400997,96,-0.74,-90.35,298.15,4.86
74,Jamestown,92,AU,1553401410,92,-33.21,138.6,292.537,9.06
75,Barrow,0,AR,1553401394,93,-38.31,-60.23,284.487,2.31
76,Port Alfred,68,ZA,1553401084,88,-33.59,26.89,296.48,0.45
77,Alofi,64,NU,1553396400,61,-19.06,-169.92,301.15,5.1
78,Faya,0,SA,1553396400,58,18.39,42.45,286.15,2.1
79,Sidi Ali,0,DZ,1553401674,86,36.1,0.42,280.187,1.56
80,Galesong,40,ID,1553398200,66,-5.32,119.37,304.15,3.6
81,Cabo San Lucas,5,MX,1553401059,77,22.89,-109.91,293.71,3.41
82,Ayorou,76,NE,1553401675,14,14.73,0.92,297.587,3.46
83,Doha,80,QA,1553398200,83,25.29,51.53,295.15,2.1
84,Itarema,92,BR,1553401509,94,-2.92,-39.92,297.387,0.71
85,Arraial do Cabo,12,BR,1553401383,92,-22.97,-42.02,298.637,4.36
86,Georgetown,20,GY,1553396400,94,6.8,-58.16,297.15,2.1
87,Yarmouth,56,GB,1553401667,86,50.71,-1.5,278.71,1.5
88,Puerto Escondido,0,MX,1553401522,100,15.86,-97.07,301.887,4.31
89,New Norfolk,75,AU,1553401095,56,-42.78,147.06,295.37,3.6
90,Grootfontein,20,NA,1553400000,49,-19.56,18.1,295.15,1.5
91,Hobart,75,AU,1553401215,56,-42.88,147.33,295.37,3.6
92,Rafai,8,CF,1553401676,85,4.95,23.92,296.037,4.81
93,Bafq,0,IR,1553401677,64,31.6,55.4,275.887,0.76
94,Bredasdorp,92,ZA,1553400934,88,-34.53,20.04,294.15,1.5
95,Miquelon,92,PM,1553401677,92,47.1,-56.38,274.037,8.26
96,Kodiak,90,US,1553401398,57,39.95,-94.76,284.26,5.7
97,Churapcha,36,RU,1553401678,41,62.0,132.43,262.237,2.01
98,Raychikhinsk,64,RU,1553401678,45,49.8,129.4,271.837,4.21
99,Tutoia,88,BR,1553401678,91,-2.76,-42.27,298.737,2.31
100,Cache Creek,75,CA,1553400967,68,50.81,-121.33,282.15,3.6
101,Nunoa,92,PE,1553401679,98,-14.48,-70.64,275.887,1.26
102,Castro,75,CL,1553400000,93,-42.48,-73.76,283.15,2.6
103,Bandarbeyla,76,SO,1553401463,100,9.49,50.81,299.437,4.26
104,Pevek,0,RU,1553401397,76,69.7,170.27,253.387,1.61
105,Portland,75,US,1553401218,66,45.52,-122.67,284.26,2.1
106,Punta Arenas,90,CL,1553400794,76,-53.16,-70.91,285.15,6.2
107,Bonavista,92,CA,1553400960,87,48.65,-53.11,274.82,2.24
108,Fare,56,PF,1553401680,99,-16.7,-151.02,302.487,4.91
109,Roebourne,100,AU,1553401422,70,-20.77,117.15,300.387,17.66
110,Krasnogvardeyets,68,RU,1553401680,85,46.16,39.17,275.137,2.96
111,Gunnedah,40,AU,1553400926,21,-30.98,150.25,308.71,8.7
112,Rabo de Peixe,40,PT,1553401673,76,37.8,-25.58,286.15,7.7
113,Washougal,90,US,1553401657,71,45.58,-122.35,284.26,1.06
114,Torbay,90,CA,1553401117,93,47.66,-52.73,276.15,8.2
115,Springbok,0,ZA,1553401681,86,-29.67,17.88,281.887,1.21
116,Shache,12,CN,1553401284,46,38.42,77.24,277.59,1.96
117,The Valley,20,AI,1553401000,74,18.22,-63.06,299.15,4.6
118,Vao,44,EE,1553401503,84,59.1,26.19,274.287,5.86
119,Upernavik,32,GL,1553401134,100,72.79,-56.15,249.687,4.96
120,Belyy Yar,0,RU,1553398200,29,53.6,91.39,277.15,3.0
121,Berlevag,12,NO,1553401415,100,70.86,29.09,269.237,3.91
122,Cururupu,64,BR,1553401682,89,-1.82,-44.87,298.637,2.26
123,Staraya Russa,56,RU,1553401683,89,57.99,31.36,275.387,5.71
124,Lokoja,36,NG,1553401460,69,7.8,6.74,299.637,4.16
125,Qaqortoq,80,GL,1553399400,56,60.72,-46.03,264.15,1.0
126,Bereda,0,ES,1553401444,100,43.27,-7.54,282.59,2.1
127,Emerald,0,AU,1553401281,40,-23.53,148.16,305.37,4.6
128,San Juan,0,AR,1553401675,64,-31.54,-68.53,290.637,2.26
129,Mahibadhoo,8,MV,1553401685,100,3.78,72.97,302.387,4.91
130,Norman Wells,75,CA,1553400000,83,65.28,-126.83,273.15,7.2
131,Keetmanshoop,12,NA,1553401685,39,-26.57,18.15,290.687,2.16
132,Sorland,44,NO,1553401515,100,67.67,12.69,277.337,16.46
133,Mosquera,75,CO,1553396400,82,4.71,-74.23,287.15,1.0
134,Saint George,20,GR,1553400799,86,39.45,22.34,284.26,2.6
135,Eutin,88,DE,1553401635,95,54.14,10.62,277.59,3.26
136,Benjamin Constant,75,BR,1553396400,100,-4.38,-70.03,298.15,1.0
137,Thinadhoo,68,MV,1553401492,100,0.53,72.93,302.487,4.01
138,Huambo,80,AO,1553401687,97,-12.78,15.73,287.387,1.16
139,Muros,0,ES,1553401369,50,42.77,-9.06,286.48,1.5
140,Zlitan,80,LY,1553401687,100,32.47,14.57,285.437,2.86
141,Isangel,90,VU,1553396400,70,-19.55,169.27,303.15,3.1
142,Batagay,24,RU,1553401529,63,67.65,134.64,261.437,1.96
143,Kavieng,80,PG,1553401486,100,-2.57,150.8,300.237,2.96
144,San Rafael,0,AR,1553401689,59,-34.61,-68.33,283.237,1.16
145,Sinazongwe,68,ZM,1553401689,73,-17.26,27.46,298.687,4.16
146,Avarua,92,CK,1553398200,94,-21.21,-159.78,298.15,1.0
147,Ryuo,75,JP,1553401598,43,35.06,136.12,284.26,8.7
148,Oktyabrskoye,75,RU,1553401518,69,56.73,85.44,275.93,3.0
149,Carutapera,88,BR,1553401690,93,-1.2,-46.02,298.787,3.01
150,Omboue,80,GA,1553401690,100,-1.57,9.26,299.237,1.71
151,Abu Samrah,80,SY,1553401690,89,35.3,37.18,282.387,1.46
152,Northam,75,GB,1553401625,81,51.04,-4.21,280.37,2.1
153,Coahuayana,0,MX,1553401458,57,18.62,-100.35,290.237,0.91
154,Martapura,40,ID,1553396400,79,-3.41,114.85,303.15,2.1
155,Jatai,0,IN,1553401691,49,28.97,76.18,295.637,2.06
156,Butaritari,88,KI,1553401394,100,3.07,172.79,300.287,4.31
157,Vanavara,0,RU,1553401691,56,60.35,102.28,261.537,1.66
158,Esperance,20,TT,1553401208,83,10.24,-61.45,298.15,4.1
159,Dzhebariki-Khaya,0,RU,1553401692,58,62.22,135.8,262.437,1.51
160,Ribeira Grande,56,PT,1553401381,100,38.52,-28.7,287.537,10.81
161,Orsha,90,BY,1553396400,80,54.51,30.43,275.15,4.0
162,Sao Filipe,68,CV,1553401438,100,14.9,-24.5,293.787,5.21
163,Cherskiy,12,RU,1553401445,66,68.75,161.3,261.037,1.06
164,Scottsbluff,90,US,1553401632,100,41.87,-103.67,278.15,1.66
165,Clyde River,90,CA,1553400000,83,70.47,-68.59,247.15,10.8
166,Rorvik,92,NO,1553401502,77,64.86,11.24,278.15,3.58
167,Waipawa,44,NZ,1553400736,53,-39.94,176.59,297.04,2.24
168,Gladstone,0,AU,1553401321,55,-23.84,151.26,305.93,5.7
169,Kem,0,UG,1553401693,49,2.68,33.77,292.337,3.66
170,Thompson,5,CA,1553396400,54,55.74,-97.86,258.15,2.6
171,Carnarvon,8,ZA,1553401434,23,-30.97,22.13,291.137,2.86
172,Meulaboh,88,ID,1553401694,100,4.14,96.13,298.937,1.96
173,Oeiras do Para,44,BR,1553401694,98,-2.0,-49.85,297.337,2.41
174,Clinton,90,US,1553401581,65,41.84,-90.19,281.48,2.6
175,Bilibino,0,RU,1553401414,67,68.06,166.44,263.537,1.36
176,Mikuni,75,JP,1553396400,42,36.22,136.15,281.15,2.1
177,Amangarh,0,PK,1553401696,58,34.01,71.93,286.237,1.86
178,Okulovka,88,RU,1553401696,95,58.37,33.3,276.237,5.81
179,Ahar,8,IR,1553401696,67,38.48,47.07,264.887,0.96
180,Dukhovshchina,92,RU,1553401696,88,55.19,32.41,273.487,7.26
181,Barao de Melgaco,0,BR,1553400000,88,-16.19,-55.97,300.15,1.71
182,Ahipara,100,NZ,1553401411,73,-35.17,173.16,296.037,2.31
183,Damietta,36,EG,1553401456,96,31.42,31.81,286.387,4.51
184,Tiksi,48,RU,1553401429,78,71.64,128.87,259.037,3.21
185,Gimli,12,CA,1553401555,86,50.63,-96.99,272.59,6.26
186,Platanos,20,GR,1553399400,66,35.47,23.6,288.15,4.1
187,Jalu,0,LY,1553401698,82,29.03,21.55,286.887,4.31
188,Hamilton,1,CA,1553401204,68,43.26,-79.87,274.26,3.6
189,Tacoronte,56,ES,1553401575,81,28.48,-16.41,289.82,5.1
190,Upata,0,VE,1553400924,81,8.02,-62.41,297.59,2.68
191,Luderitz,48,NA,1553401451,93,-26.65,15.16,287.387,4.36
192,Nichinan,20,JP,1553401393,46,31.65,131.31,285.93,3.1
193,Umm Lajj,20,SA,1553401699,80,25.02,37.27,292.437,3.86
194,Nemuro,75,JP,1553398440,79,43.32,145.57,270.15,1.0
195,Breaza,0,RO,1553401655,86,45.18,25.67,271.48,1.71
196,Lyubinskiy,0,RU,1553398200,86,55.15,72.69,270.15,2.0
197,Nouakchott,0,MR,1553400000,88,18.08,-15.98,291.15,5.1
198,Lavrentiya,92,RU,1553401443,100,65.58,-170.99,266.337,8.46
199,Emba,0,CY,1553401048,70,34.81,32.42,283.15,2.61
200,Mildura,92,AU,1553400992,69,-34.18,142.16,297.15,7.2
201,Caravelas,44,BR,1553401427,100,-17.73,-39.27,301.137,7.51
202,Naze,80,NG,1553401540,93,5.43,7.07,296.537,1.21
203,Barsovo,0,RU,1553398200,100,61.17,73.17,271.15,5.0
204,Fortuna,0,ES,1553401469,81,38.18,-1.13,284.15,1.5
205,Araouane,64,ML,1553401514,17,18.9,-3.53,293.737,2.76
206,Zaplavnoye,90,RU,1553398200,89,48.7,45.02,275.15,4.0
207,Chokurdakh,24,RU,1553401381,98,70.62,147.9,255.187,1.96
208,Lovington,1,US,1553401265,23,32.94,-103.35,285.93,2.6
209,Jaicos,88,BR,1553401702,95,-7.36,-41.14,295.537,1.41
210,La Palma del Condado,0,ES,1553401296,71,37.38,-6.55,286.15,5.1
211,Colac,36,AU,1553401667,38,-38.34,143.59,302.59,2.68
212,Lebu,20,ET,1553396400,58,8.96,38.73,287.15,2.1
213,Flinders,40,AU,1553401341,54,-34.58,150.85,304.82,2.6
214,Udachnyy,36,RU,1553401215,54,66.42,112.4,254.637,1.56
215,Lorengau,68,PG,1553401431,97,-2.02,147.27,301.687,4.51
216,Porto Novo,75,BR,1553400000,94,-23.68,-45.44,293.15,1.0
217,Yermish,48,RU,1553401703,72,54.77,42.27,265.887,1.31
218,Leningradskiy,76,RU,1553401403,83,69.38,178.42,254.137,8.86
219,Cedartown,1,US,1553401517,23,34.01,-85.26,285.15,2.6
220,Los Llanos de Aridane,40,ES,1553401260,67,28.66,-17.92,289.15,3.1
221,Beringovskiy,92,RU,1553401704,88,63.05,179.32,264.687,8.76
222,Sarandi,0,BR,1553401704,85,-27.94,-52.92,286.087,1.31
223,Celestun,0,MX,1553401438,96,20.87,-90.4,298.287,9.86
224,Padang,75,ID,1553396400,88,-0.92,100.36,298.15,5.1
225,Grand Gaube,75,MU,1553401140,83,-20.01,57.66,301.15,5.1
226,Guerrero Negro,0,MX,1553401480,88,27.97,-114.04,287.737,3.91
227,Port Moresby,40,PG,1553400000,74,-9.47,147.16,301.15,2.6
228,Sinnamary,100,GF,1553401424,99,5.38,-52.96,299.137,5.16
229,Ozinki,68,RU,1553401706,90,51.2,49.73,271.787,1.36
230,Luba,12,PH,1553401706,43,17.32,120.7,302.337,1.71
231,Lompoc,1,US,1553401387,87,34.64,-120.46,284.82,2.6
232,San Patricio,0,PY,1553401461,83,-26.98,-56.83,289.737,0.96
233,Mareeba,40,AU,1553401543,66,-16.99,145.42,304.15,6.7
234,Lasa,0,CY,1553401048,70,34.92,32.53,283.15,2.61
235,Vila Franca do Campo,40,PT,1553401673,76,37.72,-25.43,286.15,7.7
236,Xuddur,0,SO,1553401707,79,4.12,43.89,294.387,4.91
237,Tlaxco,32,MX,1553401707,78,19.61,-98.12,281.637,1.41
238,Rio Grande,0,BR,1553401437,97,-32.03,-52.1,292.187,4.46
239,Nurobod,0,UZ,1553398200,76,40.91,69.8,282.15,2.1
240,Tabou,12,CI,1553401708,97,4.42,-7.36,301.287,3.41
241,Karakol,24,KG,1553401633,70,42.49,78.39,270.587,1.21
242,Dunedin,8,NZ,1553401586,92,-45.87,170.5,289.82,4.02
243,Muisne,64,EC,1553401709,90,0.61,-80.02,296.437,1.26
244,Ucar,36,AZ,1553400000,84,40.51,47.65,280.15,2.1
245,Viedma,92,AR,1553401489,76,-40.81,-62.99,288.637,11.51
246,Hokitika,100,NZ,1553401710,90,-42.72,170.96,291.887,2.41
247,Kruisfontein,88,ZA,1553401441,83,-34.0,24.73,292.237,1.96
248,Silver City,1,US,1553401697,33,32.77,-108.28,280.37,4.1
249,Papara,75,BR,1553401699,94,-3.98,-38.73,299.26,2.1
250,Gravdal,92,NO,1553401689,81,59.79,5.78,279.15,9.3
251,Tala,0,MX,1553401395,70,20.65,-103.7,289.82,1.34
252,Fauske,75,NO,1553401425,74,67.26,15.4,276.15,20.1
253,Coxim,0,BR,1553401711,67,-18.5,-54.75,297.537,3.41
254,Ponta do Sol,64,BR,1553401395,92,-20.63,-46.0,292.737,1.31
255,Praia da Vitoria,40,PT,1553400922,76,38.73,-27.07,286.15,12.31
256,Arlit,56,NE,1553401495,31,18.74,7.39,292.887,1.91
257,Talnakh,76,RU,1553401488,83,69.49,88.39,260.337,3.21
258,Longyearbyen,20,NO,1553399400,67,78.22,15.63,265.15,3.1
259,Makat,12,KZ,1553401712,78,47.65,53.35,277.637,2.31
260,Avera,1,US,1553401540,58,33.19,-82.53,287.15,1.5
261,Tigil,8,RU,1553401713,84,57.8,158.67,270.537,4.81
262,Shenjiamen,36,CN,1553401713,91,29.96,122.3,284.337,4.61
263,Lashio,0,MM,1553401713,63,22.93,97.75,298.137,1.21
264,Nuevo Progreso,40,US,1553401703,83,26.05,-97.95,295.15,4.6
265,Aripuana,0,BR,1553401714,96,-9.17,-60.63,297.537,0.91
266,Vestmannaeyjar,32,IS,1553401484,97,63.44,-20.27,275.737,13.81
267,Russell,0,AR,1553400000,60,-33.01,-68.8,293.15,2.1
268,Halifax,90,CA,1553401236,84,44.65,-63.58,275.93,8.2
269,Praya,40,ID,1553400000,66,-8.71,116.27,304.15,5.7
270,Namibe,88,AO,1553401487,100,-15.19,12.15,298.737,0.61
271,Manicore,36,BR,1553401715,94,-5.81,-61.3,297.287,0.76
272,Lagoa,0,PT,1553401444,58,37.14,-8.45,287.15,6.2
273,Aksarka,44,RU,1553401715,59,66.56,67.8,261.287,3.86
274,Necochea,64,AR,1553401614,88,-38.55,-58.74,287.04,2.68
275,Den Helder,90,NL,1553401706,100,52.96,4.76,278.15,0.5
276,Alexandria,20,US,1553401692,55,31.31,-92.44,293.71,3.1
277,Velke Karlovice,90,CZ,1553401627,81,49.36,18.28,281.48,4.6
278,Karsun,76,RU,1553401716,91,54.2,46.98,272.237,2.66
279,Mudgee,90,AU,1553400912,45,-32.6,149.59,303.15,2.6
280,Erdenet,0,MN,1553401694,41,49.03,104.04,276.037,4.01
281,Morros,75,BR,1553400000,94,-2.87,-44.04,298.15,3.1
282,Mazamari,24,PE,1553401717,95,-11.33,-74.53,291.437,0.91
283,Monastyryshche,8,UA,1553401717,78,48.99,29.8,270.237,3.41
284,Scarborough,64,GB,1553401682,80,54.28,-0.41,278.15,2.6
285,Chimbote,24,PE,1553401718,89,-9.08,-78.59,293.687,2.41
286,Casablanca,40,MA,1553400958,62,33.6,-7.62,289.82,3.1
287,Bathsheba,75,BB,1553400000,88,13.22,-59.52,297.15,3.1
288,Kahului,40,US,1553401044,64,20.89,-156.47,298.15,6.2
289,Geraldton,75,CA,1553396400,64,49.72,-86.95,275.15,8.2
290,Euclides da Cunha,92,BR,1553401719,98,-10.51,-39.01,295.037,1.31
291,Cockburn Town,12,TC,1553401150,96,21.46,-71.14,299.437,6.36
292,Orocue,12,CO,1553401719,92,4.79,-71.34,296.237,1.41
293,Dukat,0,RS,1553401707,80,42.44,22.31,273.71,0.81
294,South Shields,0,GB,1553401683,80,55.0,-1.43,278.15,2.1
295,Kaitangata,100,NZ,1553401379,67,-46.28,169.85,293.937,1.66
296,Monrovia,40,LR,1553400000,94,6.33,-10.8,298.15,1.51
297,Tadine,68,NC,1553401720,87,-21.55,167.88,301.087,7.56
298,Biltine,0,TD,1553401720,48,14.53,20.93,293.437,2.06
299,Paripiranga,36,BR,1553401721,95,-10.68,-37.86,295.387,1.36
300,Sao Joao da Barra,32,BR,1553401228,97,-21.64,-41.05,300.187,4.86
301,Kalashnikovo,92,RU,1553401721,90,57.28,35.23,273.237,7.41
302,Nowy Targ,0,PL,1553401720,80,49.48,20.03,282.04,3.1
303,Buin,0,CL,1553401574,45,-33.73,-70.74,298.15,2.1
304,Puerto Penasco,44,MX,1553400974,81,31.32,-113.53,290.37,1.86
305,Bambous Virieux,75,MU,1553401439,83,-20.34,57.76,301.15,5.1
306,Lufkin,90,US,1553401551,77,31.34,-94.73,291.15,2.6
307,Moerai,56,PF,1553401491,100,-22.43,-151.33,298.987,3.76
308,Xingtai,8,CN,1553401722,28,37.07,114.49,290.737,2.01
309,Cessnock,32,AU,1553401495,62,-32.83,151.35,309.26,6.2
310,Iralaya,24,HN,1553401723,89,15.0,-83.23,297.537,3.56
311,Najran,5,SA,1553396400,37,17.54,44.22,293.15,2.1
312,Lewiston,1,US,1553401354,81,46.42,-117.02,284.82,1.5
313,Clermont,0,AU,1553401724,41,-22.82,147.64,306.437,4.36
314,Erzin,40,TR,1553399400,93,36.95,36.2,285.37,2.1
315,Constitucion,0,MX,1553401724,23,23.99,-104.67,286.637,4.36
316,Tura,0,IN,1553401724,71,25.52,90.21,294.737,2.11
317,Alice Springs,75,AU,1553400000,32,-23.7,133.88,307.15,6.7
318,Beloha,8,MG,1553401458,83,-25.17,45.06,296.537,6.56
319,Kushima,20,JP,1553401393,46,31.5,131.29,285.93,3.1
320,Leh,64,IN,1553401725,85,34.16,77.58,256.687,0.71
321,Jacareacanga,92,BR,1553401726,97,-6.22,-57.76,296.887,1.06
322,Klaksvik,88,FO,1553399400,86,62.23,-6.59,277.15,1.5
323,Sioux City,90,US,1553401563,81,42.5,-96.41,281.15,4.1
324,Goderich,0,CA,1553401374,75,43.74,-81.71,274.82,3.58
325,Capitao Poco,92,BR,1553401726,94,-1.75,-47.06,297.187,2.11
326,Newport,80,GB,1553401694,75,51.59,-3.0,280.37,1.5
327,Port Hardy,20,CA,1553400000,86,50.7,-127.42,278.15,2.1
328,Nouna,48,BF,1553401727,53,12.73,-3.87,296.887,0.61
329,Chalisgaon,0,IN,1553401728,33,20.46,75.0,299.087,2.56
330,Langres,0,FR,1553400935,86,47.87,5.33,278.15,2.1
331,Saint-Joseph,0,FR,1553401530,65,43.56,6.97,289.26,2.1
332,Merauke,36,ID,1553401718,99,-8.49,140.4,300.587,4.41
333,Sangolqui,90,EC,1553400935,93,-0.33,-78.45,287.15,2.1
334,Kempele,0,FI,1553401285,69,64.91,25.51,275.93,10.8
335,Poronaysk,8,RU,1553401729,69,49.22,143.1,267.637,4.41
336,Narsaq,76,GL,1553399400,56,60.91,-46.05,264.15,1.0
337,Karratha,100,AU,1553401499,70,-20.74,116.85,300.387,17.66
338,Camacha,20,PT,1553398200,67,33.08,-16.33,289.15,4.1
339,Cariati,0,IT,1553401391,93,39.5,16.95,282.59,2.71
340,Barra Patuca,48,HN,1553401730,88,15.8,-84.28,298.587,4.81
341,Saint Anthony,1,US,1553401404,87,43.97,-111.68,276.48,2.6
342,Maningrida,36,AU,1553401525,97,-12.05,134.23,300.887,8.01
343,Shiyan,80,CN,1553401505,41,32.65,110.78,287.04,1.34
344,Cascais,0,PT,1553401708,62,38.7,-9.42,287.59,2.6
345,Belomorsk,0,RU,1553401731,80,64.52,34.76,272.287,4.26
346,Nanortalik,80,GL,1553401402,100,60.14,-45.24,269.037,10.06
347,Sobolevo,92,RU,1553401732,93,54.43,31.9,273.887,6.91
348,Dingle,0,PH,1553401151,55,11.0,122.67,302.387,7.01
349,Kampene,80,CD,1553401732,97,-3.59,26.67,294.537,0.96
350,Tonantins,68,BR,1553401732,91,-2.86,-67.77,298.437,0.61
351,Pimentel,88,BR,1553401732,95,-3.7,-45.5,297.037,1.31
352,Mecca,0,SA,1553401219,58,21.43,39.83,288.137,1.16
353,Kitui,12,KE,1553401733,92,-1.37,38.02,290.037,1.51
354,Tianpeng,92,CN,1553401733,100,28.88,112.34,281.687,2.06
355,Pasighat,0,IN,1553401733,77,28.06,95.33,289.887,0.41
356,Ixtapa,0,MX,1553401214,82,20.71,-105.21,296.48,0.71
357,Raudeberg,92,NO,1553401503,86,61.99,5.14,278.71,11.3
358,Shenandoah,90,US,1553401535,76,40.77,-95.37,283.15,4.1
359,Tarko-Sale,80,RU,1553401480,87,64.92,77.78,272.04,3.41
360,Bloemhof,64,ZA,1553401734,80,-27.65,25.61,294.537,2.76
361,Hirara,75,JP,1553396400,63,24.8,125.28,293.15,5.1
362,Ayios Nikolaos,20,GR,1553401684,66,38.42,23.65,285.93,2.6
363,Kungurtug,0,RU,1553401417,58,50.6,97.53,271.287,1.71
364,Conde,88,BR,1553401518,100,-11.81,-37.61,298.937,2.36
365,Lucapa,32,AO,1553401735,96,-8.42,20.74,293.387,1.06
366,Ostrovnoy,0,RU,1553401425,87,68.05,39.51,272.037,8.51
367,Srednekolymsk,12,RU,1553401736,70,67.46,153.71,266.337,1.41
368,Cacequi,0,BR,1553401736,75,-29.88,-54.83,290.437,3.86
369,Mombetsu,75,JP,1553400665,54,44.35,143.35,275.37,2.1
370,Santa Teresa,12,VE,1553401516,66,10.26,-66.69,294.26,1.06
371,Majene,8,ID,1553401737,90,-3.54,118.97,302.587,4.66
372,Shakawe,0,BW,1553401737,51,-18.36,21.84,293.437,3.31
373,Kirovskiy,36,RU,1553401737,55,45.09,133.51,273.437,2.56
374,George,20,NG,1553400000,88,6.63,3.35,301.15,1.0
375,Hobyo,88,SO,1553401738,79,5.35,48.53,300.437,6.06
376,Kavaratti,12,IN,1553401455,100,10.57,72.64,301.737,4.81
377,Nelson Bay,0,AU,1553401373,62,-32.72,152.14,304.26,6.2
378,Spanish Town,20,JM,1553396400,65,18.0,-76.95,299.15,2.1
379,Noumea,75,NC,1553398200,55,-22.28,166.46,305.15,3.6
380,Grimshaw,40,CA,1553400976,52,56.19,-117.61,279.26,5.1
381,Auki,20,NG,1553401739,50,12.18,6.51,293.137,1.41
382,Bafoulabe,76,ML,1553401739,59,13.81,-10.83,298.987,0.86
383,Bubaque,32,GW,1553401498,100,11.28,-15.83,297.787,6.31
384,Bom Jardim,20,BR,1553396400,88,-7.8,-35.59,297.15,2.1
385,Canyon,1,US,1553401733,61,34.98,-101.92,285.37,5.7
386,Opuwo,36,NA,1553401740,84,-18.06,13.84,289.937,0.31
387,Ulaangom,0,MN,1553401379,63,49.98,92.07,271.437,0.61
388,Gazimurskiy Zavod,0,RU,1553401741,49,51.55,118.33,270.437,3.91
389,Rantepao,0,ID,1553401453,76,-2.97,119.9,299.787,1.21
390,Maniitsoq,48,GL,1553401741,72,65.42,-52.9,261.087,6.56
391,Vieques,20,PR,1553401538,74,18.43,-65.83,299.15,5.66
392,San Rafael del Sur,0,NI,1553396400,42,11.85,-86.44,301.15,5.1
393,Colon,1,US,1553401723,87,41.3,-96.61,283.15,4.1
394,Katobu,24,ID,1553401707,82,-4.94,122.53,303.937,1.91
395,Crixas,88,BR,1553401742,90,-14.55,-49.97,296.537,1.21
396,Deputatskiy,0,RU,1553401417,68,69.3,139.9,259.937,1.81
397,Neiafu,75,TO,1553396400,69,-18.65,-173.98,300.15,3.1
398,Blagoyevo,92,RU,1553401743,79,63.37,47.92,272.437,4.76
399,Henties Bay,24,NA,1553400127,88,-22.12,14.28,290.37,1.34
400,Katsuura,40,JP,1553401117,43,33.93,134.5,284.15,3.1
401,Wilmington,1,US,1553401625,38,39.75,-75.55,279.26,6.2
402,Islahiye,75,TR,1553401173,66,37.03,36.63,282.15,1.5
403,Coquimbo,20,CL,1553400000,87,-29.95,-71.34,286.15,1.5
404,Santo Antonio do Leverger,0,BR,1553400000,88,-15.87,-56.08,300.15,1.46
405,Burns Lake,0,CA,1553401699,67,54.23,-125.76,274.537,1.01
406,Alta Floresta,0,BR,1553401498,95,-9.87,-56.08,297.037,0.91
407,Vryburg,8,ZA,1553401744,57,-26.96,24.73,292.637,5.46
408,Keighley,0,GB,1553401681,93,53.87,-1.9,277.59,1.5
409,Kefar Shemaryahu,40,IL,1553401513,87,32.19,34.82,289.15,4.1
410,Dour,32,BE,1553401715,93,50.4,3.78,280.37,4.6
411,Yar-Sale,24,RU,1553401382,77,66.83,70.83,261.537,3.41
412,Amarante do Maranhao,92,BR,1553401544,89,-5.57,-46.74,297.287,1.96
413,Codrington,0,AU,1553401140,36,-28.95,153.24,308.71,3.6
414,Ola,32,RU,1553401746,93,59.58,151.3,270.287,9.61
415,Eyl,76,SO,1553401746,95,7.98,49.82,299.387,4.76
416,Belmonte,0,PT,1553401746,68,40.36,-7.35,280.237,2.76
417,Smolenka,48,PL,1553401681,99,54.15,22.76,275.37,5.81
418,Komatipoort,32,MZ,1553400986,100,-25.43,31.96,294.26,0.5
419,Adrar,0,DZ,1553396400,35,27.87,-0.29,287.15,5.7
420,Surovikino,8,RU,1553401747,86,48.61,42.84,269.937,3.11
421,Garwa,0,IN,1553401747,39,27.63,81.51,296.437,3.81
422,Zachepylivka,0,UA,1553401748,86,49.2,35.24,269.037,3.31
423,Tommot,76,RU,1553401748,74,58.97,126.27,268.137,1.71
424,Tak,0,TH,1553401713,45,16.87,99.12,309.26,1.0
425,Yulara,24,AU,1553400000,22,-25.24,130.99,309.15,6.7
426,Kununurra,0,AU,1553400000,47,-15.77,128.74,308.15,4.1
427,Lakhipur,0,IN,1553401568,71,26.03,90.3,294.737,2.11
428,Prainha,92,BR,1553401749,91,-1.8,-53.48,298.987,1.76
429,Nieves,0,MX,1553401749,38,24.0,-103.02,283.587,0.56
430,Honningsvag,64,NO,1553401749,94,70.98,25.97,271.437,3.41
431,Makakilo City,1,US,1553401323,50,21.35,-158.09,299.15,3.6
432,Aquiraz,75,BR,1553401699,94,-3.9,-38.39,299.26,2.1
433,Okha,48,RU,1553401505,86,53.59,142.95,265.037,8.26
434,San Carlos de Bariloche,0,AR,1553396400,81,-41.13,-71.31,279.15,1.0
435,Villamontes,92,BO,1553401751,92,-21.26,-63.47,292.287,0.51
436,Fukue,75,JP,1553401576,43,35.03,136.69,287.59,8.7
437,Ilulissat,68,GL,1553399400,49,69.22,-51.1,257.15,6.2
438,Tuatapere,44,NZ,1553401207,82,-46.13,167.69,293.71,0.89
439,Sola,20,NO,1553401502,86,58.89,5.65,279.15,4.6
440,Lupiro,68,TZ,1553401751,63,-8.39,36.67,299.337,1.51
441,Ranong,80,TH,1553401752,98,9.96,98.62,301.937,2.01
442,Aksu,90,KZ,1553398200,100,52.04,76.93,272.15,3.0
443,Sioux Lookout,90,CA,1553400000,58,50.1,-91.92,272.15,4.6
444,Worland,75,US,1553401545,48,44.02,-107.96,282.59,2.6
445,Kokopo,24,PG,1553401431,100,-4.34,152.27,300.787,0.21
446,Nyakahanga,56,TZ,1553401752,91,-1.6,31.14,289.837,0.81
447,Tamworth,40,AU,1553400937,21,-31.09,150.93,308.71,8.7
448,Dalby,0,AU,1553401526,36,-27.18,151.26,309.82,3.1
449,Cidreira,0,BR,1553401150,93,-30.17,-50.22,289.887,2.76
450,Hirtshals,32,DK,1553401754,85,57.59,9.96,278.987,8.31
451,Benguela,92,AO,1553401754,100,-12.58,13.4,299.287,0.76
452,Sharjah,0,AE,1553397240,57,25.36,55.39,297.15,8.7
453,Dese,0,IT,1553401748,75,45.53,12.3,284.26,2.1
454,Boli,8,CN,1553401754,66,45.76,130.56,273.637,4.46
455,Rapid Valley,90,US,1553401749,93,44.06,-103.15,279.82,1.41
456,Mindelo,0,PT,1553401625,81,41.31,-8.72,288.71,2.1
457,Arauco,0,CL,1553400000,81,-37.25,-73.32,285.15,2.6
458,Port Blair,20,IN,1553400000,55,11.67,92.75,304.15,2.1
459,Pisco,0,PE,1553400000,83,-13.71,-76.2,294.15,2.6
460,Vestmanna,88,FO,1553399400,86,62.16,-7.17,277.15,1.5
461,Dhidhdhoo,0,MV,1553401756,100,6.88,73.1,301.887,3.51
462,Filingue,64,NE,1553401756,22,14.35,3.32,297.587,4.56
463,Teknaf,0,BD,1553401756,71,20.86,92.31,302.037,1.56
464,Ternovskaya,88,RU,1553400917,90,45.86,40.4,272.04,4.21
465,Staryy Nadym,76,RU,1553401757,91,65.61,72.68,267.187,2.66
466,Oistins,75,BB,1553400000,88,13.07,-59.53,297.15,3.1
467,Weligama,8,LK,1553401757,95,5.97,80.42,301.237,2.01
468,Gonbad-e Qabus,0,IR,1553396400,54,37.25,55.17,286.15,3.06
469,Mangrol,0,IN,1553396400,36,25.33,76.51,298.15,2.01
470,Rawson,0,AR,1553401392,67,-43.3,-65.11,286.187,7.06
471,Joao Pinheiro,88,BR,1553401758,83,-17.74,-46.17,295.537,2.26
472,Pundaguitan,24,PH,1553401758,95,6.37,126.17,300.837,2.36
473,Antalaha,0,MG,1553401418,94,-14.9,50.28,297.887,4.51
474,Novaya Malykla,68,RU,1553401759,90,54.21,49.93,270.487,3.76
475,Puri,40,ID,1553396400,83,-7.54,112.45,301.15,4.6
476,Rzhev,92,RU,1553401759,89,56.26,34.33,273.337,7.81
477,Itororo,92,BR,1553401759,98,-15.12,-40.07,294.437,1.56
478,Aizpute,0,LV,1553399400,86,56.72,21.61,277.15,3.6
479,Kasrawad,0,IN,1553396400,24,22.12,75.61,299.15,1.5
480,Komsomolets,80,RU,1553401760,89,52.77,41.29,269.537,1.96
481,Cabanbanan,0,PH,1553401760,56,10.18,122.9,303.237,3.56
482,Richmond,20,CA,1553401749,87,49.16,-123.14,283.15,3.6
483,Svetlogorsk,92,RU,1553398200,100,53.14,59.15,268.15,2.0
484,Belaya Gora,24,RU,1553401705,95,68.54,146.19,255.437,1.86
485,Atherton,48,GB,1553401756,93,53.52,-2.49,277.59,0.5
486,Yumen,0,CN,1553401457,43,40.29,97.04,278.637,0.26
487,Blythe,1,US,1553401604,30,33.61,-114.59,295.15,7.7
488,Silifke,32,TR,1553401762,76,36.38,33.93,281.337,4.91
489,Pala,20,IN,1553400000,66,9.71,76.68,304.15,2.6
490,Brainerd,1,US,1553401428,74,46.36,-94.2,276.15,3.6
491,Baker City,90,US,1553401140,81,44.77,-117.83,280.93,4.6
492,Lagos,20,NG,1553396400,88,6.46,3.39,301.15,4.1
493,San Jose,0,PH,1553401613,57,15.79,120.99,301.637,2.06
494,Sitka,0,US,1553401012,81,37.17,-99.65,281.48,3.13
495,Husavik,12,CA,1553401555,86,50.56,-96.99,272.59,6.26
496,Ciudad Bolivar,0,VE,1553401764,42,8.12,-63.55,301.837,6.76
497,Hornostayivka,0,UA,1553401674,91,47.01,33.73,273.387,3.36
498,Koster,0,ZA,1553401764,88,-25.86,26.9,286.137,1.56
499,Eureka,1,US,1553401433,93,40.8,-124.16,281.48,1.36
500,Liberal,1,US,1553401353,75,37.04,-100.92,281.48,4.1
501,Kirakira,56,SB,1553401426,100,-10.46,161.92,301.987,4.31
502,Cartagena,0,ES,1553401507,100,37.63,-1.0,284.15,3.1
503,Nesbyen,0,NO,1553401729,70,60.57,9.1,270.93,9.83
504,Mwinilunga,76,ZM,1553401766,93,-11.73,24.43,290.987,1.11
505,Erzurum,75,TR,1553399400,92,39.91,41.27,270.37,9.8
506,Broken Hill,40,AU,1553396400,78,-31.97,141.45,295.15,6.7
507,Lazaro Cardenas,0,MX,1553401462,21,28.39,-105.62,292.59,2.26
508,Miraflores,80,CO,1553401767,99,5.2,-73.14,285.037,0.51
509,Port-Cartier,20,CA,1553400911,53,50.03,-66.88,270.93,5.1
510,Sibu,75,MY,1553396400,74,2.29,111.83,303.15,2.6
511,Filadelfia,24,PY,1553401489,87,-22.35,-60.04,296.037,1.16
512,Bandar-e Lengeh,0,IR,1553396400,68,26.56,54.88,294.15,8.2
513,Kloulklubed,75,PW,1553395800,58,7.04,134.26,303.15,4.6
514,Abeche,8,TD,1553401768,25,13.83,20.83,294.937,3.16
515,San Quintin,12,PH,1553401493,43,17.54,120.52,302.337,1.71
516,Ancud,75,CL,1553400000,93,-41.87,-73.83,283.15,2.6
517,Bahia Blanca,0,AR,1553401586,73,-38.72,-62.27,288.887,7.16
518,Andijan,8,UZ,1553401319,62,40.76,72.37,284.15,3.0
519,Labuhan,64,ID,1553401769,83,-2.54,115.51,301.087,1.36
520,Trairi,48,BR,1553401507,100,-3.28,-39.27,299.987,2.56
521,Cabedelo,40,BR,1553400000,94,-6.97,-34.84,298.15,0.5
522,Kangaatsiaq,56,GL,1553401770,100,68.31,-53.46,259.037,7.71
523,Ramgarh,12,IN,1553401770,60,28.17,74.98,293.587,2.11
524,San Cristobal,90,EC,1553400935,93,-0.39,-78.55,287.15,2.1
525,Roura,100,GF,1553400000,83,4.73,-52.33,299.15,2.6
526,Msanga,0,TZ,1553396400,82,-6.04,36.03,293.15,4.1
527,Tomislavgrad,0,BA,1553400000,65,43.71,17.23,280.15,1.5
528,Vila Velha,75,BR,1553401699,94,-3.71,-38.6,299.26,2.1
529,Bondo,76,CD,1553401771,95,3.81,23.69,295.537,1.66
530,Vondrozo,92,MG,1553401772,98,-22.82,47.32,294.387,2.31
531,Te Anau,88,NZ,1553401291,68,-45.41,167.72,291.937,4.31
532,Awjilah,24,LY,1553401772,86,29.14,21.3,286.787,4.16
533,Itacare,75,BR,1553396400,88,-14.28,-39.0,299.15,1.5
534,Hofn,0,IS,1553401146,100,64.25,-15.21,276.737,9.16
535,Bima,48,ID,1553401773,83,-8.45,118.73,301.437,2.56
536,Kamalpur,0,BD,1553400000,69,24.17,91.81,301.15,1.41
